encounter_id,patient_nbr,race,gender,age,weight,admission_type_id,discharge_disposition_id,admission_source_id,time_in_hospital,payer_code,medical_specialty,num_lab_procedures,num_procedures,num_medications,number_outpatient,number_emergency,number_inpatient,diag_1,diag_2,diag_3,number_diagnoses,max_glu_serum,A1Cresult,metformin,repaglinide,nateglinide,chlorpropamide,glimepiride,acetohexamide,glipizide,glyburide,tolbutamide,pioglitazone,rosiglitazone,acarbose,miglitol,troglitazone,tolazamide,examide,citoglipton,insulin,glyburide-metformin,glipizide-metformin,glimepiride-pioglitazone,metformin-rosiglitazone,metformin-pioglitazone,change,diabetesMed,readmitted
110939484,19274094,Caucasian,Female,[70-80),?,1,1,6,11,UN,InternalMedicine,68,0,20,0,0,0,250.8,599,263,5,None,None,No,No,No,No,No,No,No,No,No,No,No,No,No,No,No,No,No,Steady,No,No,No,No,No,No,Yes,NO
170328306,65634327,Caucasian,Male,[50-60),?,1,1,1,1,HM,?,20,0,7,0,0,0,780,427,E941,8,None,None,Steady,No,No,No,No,No,No,No,No,No,No,No,No,No,No,No,No,No,No,No,No,No,No,No,Yes,NO
245688426,100657359,Caucasian,Female,[60-70),?,3,6,1,4,HM,?,21,3,23,1,0,2,715,733,724,7,None,None,Steady,No,No,No,No,No,No,No,No,No,No,No,No,No,No,No,No,No,No,No,No,No,No,No,Yes,NO
150826224,83144448,Caucasian,Male,[30-40),?,2,1,1,12,CP,Gastroenterology,28,0,19,0,0,1,494,277,117,7,None,None,No,No,No,No,No,No,No,No,No,Steady,No,No,No,No,No,No,No,No,No,No,No,No,No,No,Yes,>30
135993852,65234214,AfricanAmerican,Female,[60-70),?,1,2,7,1,?,?,21,0,6,0,0,0,403,584,428,7,None,None,No,No,No,No,No,No,Steady,No,No,No,No,No,No,No,No,No,No,No,No,No,No,No,No,No,Yes,<30
26013480,18137880,Caucasian,Male,[80-90),?,3,1,1,7,?,?,42,2,27,0,0,0,162,250,?,2,None,None,Steady,No,No,No,No,No,No,No,No,No,Steady,No,No,No,No,No,No,No,No,No,No,No,No,Ch,Yes,NO
97343778,24157764,AfricanAmerican,Female,[70-80),?,1,1,7,6,?,Nephrology,43,2,17,0,0,0,531,250.41,403,5,None,None,No,No,No,No,No,No,Steady,No,No,No,No,No,No,No,No,No,No,No,No,No,No,No,No,No,Yes,NO
266753892,67887900,Caucasian,Female,[40-50),?,1,6,7,5,MC,?,55,0,20,1,1,0,820,70,276,9,None,>8,No,No,No,No,No,No,No,No,No,No,No,No,No,No,No,No,No,Up,No,No,No,No,No,Ch,Yes,>30
167353710,24197877,Caucasian,Male,[80-90),?,1,3,7,5,MC,InternalMedicine,50,0,26,0,0,0,486,453,255,5,None,None,No,No,No,No,Up,No,No,No,No,No,No,No,No,No,No,No,No,Up,No,No,No,No,No,Ch,Yes,<30
162658824,62732466,AfricanAmerican,Female,[60-70),?,1,6,7,7,?,?,61,0,6,0,0,1,250.8,414,294,5,None,Norm,No,No,No,No,No,No,No,No,No,No,No,No,No,No,No,No,No,No,No,No,No,No,No,No,No,>30
130120446,107886231,Caucasian,Female,[70-80),?,2,3,7,4,SP,Emergency/Trauma,1,0,12,0,0,0,812,491,428,9,None,None,No,No,No,No,No,No,Steady,No,No,No,No,No,No,No,No,No,No,Steady,No,No,No,No,No,Ch,Yes,<30
164475138,52078626,Caucasian,Male,[50-60),?,1,1,7,7,MD,?,51,5,24,0,0,0,410,428,427,7,None,None,No,No,No,No,No,No,No,No,No,No,No,No,No,No,No,No,No,Steady,No,No,No,No,No,No,Yes,>30
25726860,62446698,?,Male,[50-60),[100-125),6,1,1,3,?,Cardiology,63,4,17,0,0,0,414,250,272,4,None,None,No,No,No,No,No,No,No,No,No,No,No,No,No,No,No,No,No,Steady,No,No,No,No,No,No,Yes,>30
109628532,99060300,Caucasian,Female,[50-60),?,1,1,7,5,?,Neurology,70,2,14,0,1,2,780,250.6,536,9,None,>7,No,No,No,No,No,No,Steady,No,No,No,No,No,No,No,No,No,No,No,No,No,No,No,No,No,Yes,<30
152588748,41814369,Caucasian,Male,[70-80),?,3,1,1,1,MC,Cardiology,32,4,4,0,0,1,414,443,250,4,None,None,No,No,No,No,No,No,No,No,No,No,No,No,No,No,No,No,No,No,No,No,No,No,No,No,No,>30
87728490,35271,Caucasian,Female,[50-60),?,1,6,7,4,?,?,40,0,28,0,0,1,682,112,611,9,None,>8,Steady,No,No,No,No,No,No,Steady,No,No,Steady,No,No,No,No,No,No,Up,No,No,No,No,No,Ch,Yes,NO
165610614,78757002,Caucasian,Male,[70-80),?,2,22,7,6,?,InternalMedicine,45,1,16,3,0,0,438,155,707,9,None,None,No,No,No,No,No,No,No,No,No,No,No,No,No,No,No,No,No,No,No,No,No,No,No,No,No,NO
152509218,38098881,Caucasian,Male,[70-80),?,1,1,7,2,CM,?,1,3,6,0,0,0,786,202,401,8,None,None,No,No,No,No,No,No,No,No,No,No,No,No,No,No,No,No,No,No,No,No,No,No,No,No,No,NO
143361816,112816980,AfricanAmerican,Female,[70-80),?,2,2,1,8,?,PhysicalMedicineandRehabilitation,33,1,18,0,0,1,V57,428,276,9,None,None,No,No,No,No,No,No,No,No,No,No,No,No,No,No,No,No,No,Steady,No,No,No,No,No,No,Yes,<30
147023478,25148250,AfricanAmerican,Male,[70-80),?,3,1,1,2,?,Surgery-Vascular,29,1,25,0,0,0,440,401,250,4,None,None,No,No,No,No,No,No,No,No,No,Down,No,No,No,No,No,No,No,Steady,No,No,No,No,No,Ch,Yes,>30
122466252,23199021,AfricanAmerican,Male,[50-60),?,3,1,1,2,BC,InternalMedicine,42,0,9,0,1,8,577,276,250.6,9,None,None,No,No,No,No,No,No,No,No,No,No,No,No,No,No,No,No,No,No,No,No,No,No,No,No,No,>30
122347740,90246177,Caucasian,Female,[70-80),?,2,1,7,2,MC,Emergency/Trauma,1,0,7,0,0,0,786,553,401,8,None,None,No,No,No,No,Steady,No,No,No,No,No,No,No,No,No,No,No,No,No,No,No,No,No,No,No,Yes,>30
16090080,455436,Caucasian,Male,[60-70),?,2,1,1,3,?,Cardiology,49,5,14,0,0,0,414,401,414,7,None,None,No,No,No,No,No,No,Steady,No,No,No,No,No,No,No,No,No,No,Steady,No,No,No,No,No,Ch,Yes,>30
403231490,94747725,Caucasian,Female,[70-80),?,1,1,7,3,MC,?,56,0,7,1,0,0,560,250,244,8,None,None,No,No,No,No,No,No,No,No,No,No,No,No,No,No,No,No,No,Steady,No,No,No,No,No,No,Yes,NO
148771104,97577100,Caucasian,Male,[70-80),?,1,1,7,3,MC,?,61,1,15,0,1,0,574,428,427,9,None,None,No,No,No,No,No,No,No,No,No,No,No,No,No,No,No,No,No,No,No,No,No,No,No,No,No,>30
99564156,18038538,?,Female,[80-90),?,1,1,6,3,MC,InternalMedicine,45,0,7,0,0,0,435,707,250,5,None,>7,No,No,No,No,No,No,No,No,No,No,No,No,No,No,No,No,No,Steady,No,No,No,No,No,No,Yes,NO
91106700,24412527,Caucasian,Female,[70-80),?,5,3,17,3,MC,Orthopedics-Reconstructive,9,1,15,0,0,0,824,250.01,E888,8,Norm,None,Steady,No,No,No,No,No,No,No,No,No,No,No,No,No,No,No,No,Up,No,No,No,No,No,Ch,Yes,NO
108285660,57738654,Caucasian,Female,[80-90),?,6,3,17,4,?,InternalMedicine,65,2,14,2,1,2,920,293,331,9,None,Norm,No,No,No,No,No,No,No,No,No,No,No,No,No,No,No,No,No,No,No,No,No,No,No,No,No,>30
24142008,3490632,AfricanAmerican,Male,[40-50),?,2,6,4,9,?,?,39,3,23,0,0,0,424,428,425,9,None,None,No,No,No,No,No,No,No,No,No,No,No,No,No,No,No,No,No,Steady,No,No,No,No,No,No,Yes,NO
25182054,2681865,AfricanAmerican,Female,[40-50),?,1,1,7,2,?,Otolaryngology,31,0,10,0,0,0,527,250,401,3,None,None,No,No,No,No,No,No,Steady,No,No,No,No,No,No,No,No,No,No,No,No,No,No,No,No,No,Yes,NO
411366938,38515230,Caucasian,Male,[70-80),?,1,6,7,9,BC,?,91,1,21,0,0,0,584,428,599,9,None,>7,No,No,No,No,No,No,No,No,No,No,No,No,No,No,No,No,No,Up,No,No,No,No,No,Ch,Yes,>30
230589036,67437909,AfricanAmerican,Female,[30-40),?,2,1,1,3,BC,?,38,2,6,0,0,0,278,V85,401,8,None,>7,No,No,No,No,No,No,No,No,No,Steady,No,No,No,No,No,No,No,No,No,No,No,No,No,No,Yes,NO
37852254,685773,Caucasian,Male,[90-100),?,1,18,7,11,?,Family/GeneralPractice,42,1,7,0,0,0,293,682,707,9,None,None,No,No,No,No,No,No,No,Down,No,No,No,No,No,No,No,No,No,No,No,No,No,No,No,Ch,Yes,NO
135355074,41581485,Caucasian,Female,[70-80),?,1,4,7,11,MC,?,41,2,11,0,0,0,491,276,410,9,None,None,No,No,No,No,No,No,No,No,No,No,No,No,No,No,No,No,No,Steady,No,No,No,No,No,No,Yes,NO
27422436,1401552,Caucasian,Male,[80-90),?,6,6,17,5,?,Orthopedics-Reconstructive,59,2,24,0,0,0,733,285,250,4,None,None,Steady,No,No,No,No,No,No,No,No,No,No,No,No,No,No,No,No,No,No,No,No,No,No,No,Yes,>30
261620766,45095472,Hispanic,Male,[60-70),?,1,1,7,3,MC,Emergency/Trauma,28,6,6,0,0,0,410,414,V15,4,None,None,Steady,No,No,No,No,No,No,No,No,No,No,No,No,No,No,No,No,No,No,No,No,No,No,No,Yes,NO
157870386,61152318,Caucasian,Female,[60-70),?,1,22,7,10,?,?,49,1,22,2,0,0,860,850,807,9,None,None,No,No,No,No,No,No,No,No,No,No,No,No,No,No,No,No,No,No,No,No,No,No,No,No,No,<30
429658940,160100087,Caucasian,Female,[80-90),?,1,6,7,4,MC,?,43,0,19,0,0,0,428,584,518,9,None,None,No,No,No,No,No,No,No,Steady,No,No,No,No,No,No,No,No,No,Down,No,No,No,No,No,Ch,Yes,>30
58674300,55965420,Caucasian,Male,[50-60),?,3,1,1,8,?,?,71,1,32,0,0,2,715,788,781,6,None,None,No,No,No,No,No,No,Steady,No,No,Steady,No,No,No,No,No,No,No,Steady,No,No,No,No,No,Ch,Yes,>30
80727024,89247240,Caucasian,Female,[80-90),?,2,3,7,3,?,Surgery-General,59,4,23,0,0,0,823,E884,401,8,None,None,No,No,No,No,No,No,No,Steady,No,No,No,No,No,No,No,No,No,Steady,No,No,No,No,No,Ch,Yes,NO
124182372,43413705,Caucasian,Female,[40-50),?,1,1,7,4,SP,?,55,0,14,0,0,0,276,722,250.6,5,None,None,No,No,No,No,No,No,No,No,No,No,No,No,No,No,No,No,No,Down,No,No,No,No,No,Ch,Yes,>30
67199526,1161675,Caucasian,Male,[50-60),?,1,1,7,3,?,InternalMedicine,58,0,18,0,0,1,682,428,274,9,None,None,No,No,No,No,Steady,No,No,No,No,Steady,No,No,No,No,No,No,No,Steady,No,No,No,No,No,Ch,Yes,NO
163978050,108356661,Caucasian,Female,[80-90),?,1,3,7,4,MC,?,40,0,16,0,0,1,786,346,437,9,None,>7,No,No,No,No,No,No,No,No,No,No,No,No,No,No,No,No,No,Steady,No,No,No,No,No,No,Yes,>30
29484972,23420061,Caucasian,Male,[90-100),?,5,6,17,4,?,Family/GeneralPractice,25,0,14,1,0,0,486,491,276,7,>300,None,No,No,No,No,No,No,No,No,No,No,No,No,No,No,No,No,No,Steady,No,No,No,No,No,No,Yes,>30
96581502,93180798,Hispanic,Male,[60-70),?,2,1,1,2,?,Family/GeneralPractice,37,0,7,0,0,0,601,599,578,8,None,None,No,No,No,No,No,No,Steady,No,No,No,No,No,No,No,No,No,No,No,No,No,No,No,No,No,Yes,NO
340190576,91249785,Hispanic,Male,[60-70),?,1,3,1,9,MC,?,56,6,27,2,0,1,440,599,440,9,None,None,No,No,No,No,No,No,No,No,No,No,No,No,No,No,No,No,No,Steady,No,No,No,No,No,No,Yes,>30
29909268,6864345,Caucasian,Female,[40-50),?,1,2,7,2,?,Psychiatry,43,0,10,0,0,0,311,305,412,9,None,None,No,No,No,No,No,No,No,No,No,No,No,No,No,No,No,No,No,No,No,No,No,No,No,No,No,<30
183802668,103203405,Caucasian,Female,[50-60),?,3,1,1,1,HM,?,20,1,7,0,0,0,241,250,401,3,None,None,No,No,No,No,No,No,No,No,No,No,Steady,No,No,No,No,No,No,No,No,No,No,No,No,No,Yes,NO
275128416,36531909,AfricanAmerican,Female,[80-90),?,2,1,1,1,CM,?,37,0,2,0,0,0,276,428,276,6,None,None,No,No,No,No,No,No,No,No,No,No,No,No,No,No,No,No,No,Steady,No,No,No,No,No,No,Yes,NO
128793564,101258865,Caucasian,Male,[70-80),?,3,1,1,4,?,?,58,6,23,0,0,1,414,411,428,9,None,None,No,No,No,No,No,No,No,No,No,No,No,No,No,No,No,No,No,Up,No,No,No,No,No,Ch,Yes,>30
112314882,15716556,?,Male,[70-80),?,1,1,6,1,HM,?,44,0,9,0,0,0,435,250,401,5,None,None,Steady,No,No,No,No,No,No,Down,No,Steady,No,No,No,No,No,No,No,No,No,No,No,No,No,Ch,Yes,NO
131494548,94359078,Caucasian,Male,[80-90),?,2,3,7,5,MC,Emergency/Trauma,1,0,12,0,1,1,486,426,414,9,None,None,No,No,No,No,No,No,No,No,No,No,No,No,No,No,No,No,No,Up,No,No,No,No,No,Ch,Yes,>30
174277236,38539593,AfricanAmerican,Female,[60-70),?,2,1,7,7,SP,Emergency/Trauma,1,6,11,0,2,2,458,780,250.6,9,None,None,Steady,No,No,No,No,No,No,No,No,No,Steady,No,No,No,No,No,No,No,No,No,No,No,No,Ch,Yes,>30
125422974,22943799,AfricanAmerican,Male,[60-70),?,1,1,7,8,MC,?,43,1,16,0,0,1,250.22,403,486,8,None,None,No,No,No,No,No,No,No,No,No,No,No,No,No,No,No,No,No,Up,No,No,No,No,No,Ch,Yes,>30
98484390,14489883,AfricanAmerican,Male,[70-80),?,2,1,9,3,UN,InternalMedicine,52,0,7,0,0,0,250.22,780,276,5,None,>8,Steady,No,No,No,No,No,No,No,No,No,Steady,No,No,No,No,No,No,Steady,No,No,No,No,No,Ch,Yes,NO
109182012,24751674,Caucasian,Female,[70-80),?,1,1,7,4,MC,Orthopedics-Reconstructive,38,1,33,0,0,0,812,402,428,9,None,None,No,No,No,No,No,No,No,No,No,No,No,No,No,No,No,No,No,No,No,No,No,No,No,No,No,NO
298938452,61557903,Caucasian,Male,[80-90),?,6,2,7,3,?,InternalMedicine,69,0,16,0,0,0,805,E880,410,6,Norm,None,Steady,No,No,No,No,No,No,No,No,No,No,No,No,No,No,No,No,No,No,No,No,No,No,No,Yes,NO
215643486,86033223,Caucasian,Female,[20-30),?,1,1,7,2,CP,?,41,0,4,1,0,1,577,276,250,5,None,>8,No,No,No,No,No,No,No,No,No,No,No,No,No,No,No,No,No,No,No,No,No,No,No,No,No,>30
156803070,94355532,Caucasian,Female,[70-80),?,3,22,2,3,SP,Orthopedics,27,2,20,0,0,0,715,424,401,6,None,None,No,No,No,No,No,No,No,No,No,No,Steady,No,No,No,No,No,No,No,No,No,No,No,No,No,Yes,NO
214498920,82240389,Caucasian,Female,[80-90),?,1,3,7,6,MC,InternalMedicine,71,0,15,0,0,2,428,599,446,9,None,>7,Steady,No,No,No,No,No,No,No,No,No,No,No,No,No,No,No,No,No,No,No,No,No,No,No,Yes,NO
82675992,114469578,Caucasian,Female,[70-80),?,6,1,4,5,?,Pulmonology,1,2,9,0,0,1,V54,250.02,998,3,None,None,Steady,No,No,No,No,No,No,Steady,No,No,No,No,No,No,No,No,No,Up,No,No,No,No,No,Ch,Yes,NO
239899230,86870088,AfricanAmerican,Female,[50-60),?,1,1,7,3,HM,?,26,1,30,4,0,4,486,428,250.6,9,None,None,Down,No,No,No,No,No,No,No,No,No,No,No,No,No,No,No,No,Down,No,No,No,No,No,Ch,Yes,>30
408433460,78111063,Caucasian,Female,[50-60),?,1,1,7,3,?,InternalMedicine,55,2,16,2,1,2,552,V85,401,9,None,None,No,No,No,No,No,No,No,No,No,No,No,No,No,No,No,No,No,Down,No,No,No,No,No,Ch,Yes,NO
106199028,24325227,Caucasian,Male,[80-90),?,5,11,17,13,MC,?,19,6,34,0,1,0,518,507,584,9,>200,None,No,No,No,No,No,No,No,No,No,No,No,No,No,No,No,No,No,Down,No,No,No,No,No,Ch,Yes,NO
14165220,3434535,Caucasian,Male,[80-90),?,2,1,1,1,?,Urology,33,1,8,0,0,0,188,250,414,4,None,None,No,No,No,No,No,No,No,No,No,No,No,No,No,No,No,No,No,No,No,No,No,No,No,No,No,NO
54392688,2052864,Caucasian,Male,[80-90),?,1,18,7,2,?,?,55,0,10,0,0,1,79,414,V45,9,None,None,No,No,No,No,No,No,No,Steady,No,No,No,No,No,No,No,No,No,No,No,No,No,No,No,No,Yes,NO
338407856,87276870,Caucasian,Female,[80-90),?,1,3,7,8,MC,?,49,2,25,0,0,0,486,276,491,9,None,None,No,No,No,No,No,No,No,No,No,No,No,No,No,No,No,No,No,Steady,No,No,No,No,No,No,Yes,>30
120163410,81854478,Caucasian,Male,[70-80),?,1,1,7,3,MC,?,43,0,10,0,0,0,458,428,427,7,None,None,No,No,No,No,No,No,No,Steady,No,No,No,No,No,No,No,No,No,No,No,No,No,No,No,No,Yes,>30
214277418,41374926,Caucasian,Male,[60-70),?,1,1,7,3,MC,?,26,0,16,0,0,0,491,V46,250,9,None,None,No,No,No,No,No,No,No,No,No,No,No,No,No,No,No,No,No,Steady,No,No,No,No,No,No,Yes,>30
51604746,61332030,Caucasian,Male,[70-80),?,1,1,7,5,?,?,65,4,22,0,0,1,410,428,401,8,None,None,No,No,No,No,Down,No,No,No,No,No,No,No,No,No,No,No,No,Steady,No,No,No,No,No,Ch,Yes,>30
142231554,89473653,AfricanAmerican,Female,[40-50),?,2,1,7,3,SP,Emergency/Trauma,31,0,5,0,0,0,9,250,401,4,None,None,No,No,No,No,No,No,No,No,No,No,Steady,No,No,No,No,No,No,Down,No,No,No,No,No,Ch,Yes,>30
149840952,87932628,Caucasian,Male,[70-80),?,5,6,1,1,MC,?,30,0,7,0,0,0,511,427,414,5,None,None,No,No,No,No,No,No,No,No,No,No,Steady,No,No,No,No,No,No,No,No,No,No,No,No,No,Yes,>30
175344672,89575344,AfricanAmerican,Male,[60-70),?,1,1,7,1,MC,?,42,0,10,0,0,0,453,V42,707,7,None,None,No,No,No,No,No,No,No,No,No,Steady,No,No,No,No,No,No,No,No,No,No,No,No,No,No,Yes,<30
298496150,63956286,Caucasian,Female,[50-60),?,1,2,7,1,?,?,55,0,6,1,0,0,198,780,786,8,None,None,No,No,No,No,No,No,No,No,No,No,No,No,No,No,No,No,No,No,No,No,No,No,No,No,No,NO
199218630,84651822,Caucasian,Male,[60-70),?,1,1,7,6,HM,?,48,0,19,1,0,1,493,518,401,8,None,None,No,No,No,No,No,No,No,No,No,No,No,No,No,No,No,No,No,No,No,No,No,No,No,No,No,>30
7609632,4768929,?,Male,[70-80),?,2,1,1,6,?,Cardiology,70,3,16,0,0,0,514,428,425,8,None,>8,No,No,No,No,No,No,No,No,No,No,No,No,No,No,No,No,No,Up,No,No,No,No,No,Ch,Yes,NO
55521336,18980136,Caucasian,Female,[80-90),?,1,3,7,6,?,Emergency/Trauma,63,0,16,0,0,0,486,250.01,496,9,None,>8,No,No,No,No,No,No,No,No,No,Steady,No,No,No,No,No,No,No,Steady,No,No,No,No,No,Ch,Yes,NO
157061310,43521831,Caucasian,Male,[60-70),?,3,1,1,1,MC,Family/GeneralPractice,3,0,7,0,0,0,786,401,250,6,None,None,No,No,No,No,Steady,No,No,No,No,No,No,No,No,No,No,No,No,No,No,No,No,No,No,No,Yes,NO
107273574,18928755,Caucasian,Female,[80-90),?,2,1,1,1,MC,Surgery-General,16,5,9,0,0,0,414,401,250,4,None,None,No,No,No,No,No,No,No,No,No,No,No,No,No,No,No,No,No,Steady,No,No,No,No,No,No,Yes,NO
158335068,25280829,AfricanAmerican,Female,[80-90),?,2,1,4,1,MC,Cardiology,28,6,13,0,0,0,414,411,427,5,None,None,No,No,No,No,No,No,No,No,No,No,No,No,No,No,No,No,No,No,No,No,No,No,No,No,No,NO
275110620,45336807,Asian,Male,[40-50),?,2,1,7,5,UN,Emergency/Trauma,61,0,7,0,0,0,79,287,780,4,None,>8,Steady,No,No,No,No,No,No,Steady,No,No,No,No,No,No,No,No,No,No,No,No,No,No,No,Ch,Yes,NO
38735190,18857709,AfricanAmerican,Male,[50-60),?,3,18,3,5,?,Orthopedics,20,2,25,0,0,0,722,401,250,4,None,None,Steady,No,No,No,No,No,No,No,No,No,No,No,No,No,No,No,No,Steady,No,No,No,No,No,Ch,Yes,NO
139844214,25126056,AfricanAmerican,Female,[50-60),?,1,1,7,6,MC,InternalMedicine,45,1,18,0,0,0,493,250.02,359,9,None,None,Steady,No,No,No,No,No,No,No,No,No,No,No,No,No,No,No,No,Up,No,No,No,No,No,Ch,Yes,>30
389685914,84476079,Caucasian,Male,[60-70),?,1,1,7,1,HM,?,6,0,16,2,0,1,414,414,427,8,None,None,No,No,No,No,No,No,No,Steady,No,No,No,No,No,No,No,No,No,No,No,No,No,No,No,No,Yes,>30
156861216,31564629,Caucasian,Male,[50-60),?,3,1,1,3,BC,Surgery-Thoracic,27,5,12,0,0,1,162,250,401,4,None,None,Steady,No,No,No,No,No,Steady,No,No,No,Steady,No,No,No,No,No,No,Down,No,No,No,No,No,Ch,Yes,<30
58499796,788652,Caucasian,Male,[60-70),?,1,1,7,9,?,InternalMedicine,72,0,19,0,0,0,491,250.02,428,9,None,None,No,No,No,No,No,No,Steady,No,No,No,No,No,No,No,No,No,No,Steady,No,No,No,No,No,Ch,Yes,NO
179752224,58780422,Caucasian,Male,[50-60),?,1,1,7,4,PO,?,76,0,13,0,0,0,276,571,303,9,None,None,No,No,No,No,No,No,No,No,No,No,No,No,No,No,No,No,No,Steady,No,No,No,No,No,No,Yes,NO
151497312,5429349,Caucasian,Male,[70-80),?,1,1,7,7,?,InternalMedicine,52,0,17,0,0,0,453,250.02,599,9,None,None,No,No,No,No,No,No,Up,Steady,No,Steady,No,No,No,No,No,No,No,Steady,No,No,No,No,No,Ch,Yes,NO
16002372,727740,AfricanAmerican,Female,[30-40),?,3,1,1,3,?,InternalMedicine,44,1,9,0,0,1,730,250.7,41,6,None,None,No,No,No,No,No,No,No,No,No,No,No,No,No,No,No,No,No,Steady,No,No,No,No,No,No,Yes,>30
130104042,96564816,AfricanAmerican,Female,[50-60),?,2,1,1,1,?,InternalMedicine,10,0,18,0,0,0,278,250,401,9,None,None,Steady,No,No,No,No,No,No,No,No,No,No,No,No,No,No,No,No,Steady,No,No,No,No,No,Ch,Yes,NO
175164420,25414587,Caucasian,Female,[40-50),?,3,1,1,1,BC,Orthopedics-Reconstructive,26,6,20,0,0,0,726,726,716,6,None,None,No,No,No,No,No,No,No,No,No,No,No,No,No,No,No,No,No,No,No,No,No,No,No,No,No,NO
61551750,82026216,Caucasian,Female,[70-80),?,1,3,7,10,?,Family/GeneralPractice,55,0,27,0,0,0,410,427,428,8,None,None,No,No,No,No,No,No,No,No,No,No,No,No,No,No,No,No,No,Steady,No,No,No,No,No,No,Yes,NO
271672776,91324818,AfricanAmerican,Female,[70-80),?,1,3,7,3,MC,?,1,2,8,0,0,0,562,112,295,9,None,None,No,No,No,No,No,No,No,No,No,Steady,No,No,No,No,No,No,No,Steady,No,No,No,No,No,Ch,Yes,NO
68986044,37330695,Caucasian,Male,[80-90),?,1,3,7,9,?,?,68,1,25,0,1,0,38,599,250.82,8,None,None,No,No,No,No,No,No,No,No,No,No,No,No,No,No,No,No,No,Up,No,No,No,No,No,Ch,Yes,>30
42621186,4576716,AfricanAmerican,Male,[70-80),?,1,18,7,2,?,Pediatrics,43,2,7,0,0,0,780,433,V12,5,None,>8,Up,No,No,No,No,No,No,No,No,No,No,No,No,No,No,No,No,No,No,No,No,No,No,Ch,Yes,>30
111636036,90797328,Caucasian,Female,[80-90),?,1,6,7,6,CP,Emergency/Trauma,37,0,12,1,0,1,402,428,428,9,None,None,No,No,No,No,No,No,No,No,No,No,No,No,No,No,No,No,No,Up,No,No,No,No,No,Ch,Yes,<30
294290480,178345517,Caucasian,Male,[80-90),?,2,1,7,4,MC,Surgery-General,53,1,8,0,0,0,191,348,414,6,None,None,No,No,No,No,No,No,No,No,No,No,No,No,No,No,No,No,No,Down,No,No,No,No,No,Ch,Yes,NO
171974916,81247797,Caucasian,Female,[80-90),?,1,3,7,5,MC,?,56,1,19,0,0,0,507,599,250.82,9,None,Norm,No,No,No,No,No,No,No,No,No,No,No,No,No,No,No,No,No,Steady,No,No,No,No,No,No,Yes,>30
247047930,23441985,Caucasian,Male,[50-60),[50-75),1,1,7,1,SP,InternalMedicine,61,2,7,0,1,0,151,535,530,9,None,None,No,No,No,No,No,No,No,No,No,No,No,No,No,No,No,No,No,No,No,No,No,No,No,No,No,>30
258988884,44788266,Caucasian,Male,[80-90),?,2,3,7,11,MC,Emergency/Trauma,69,0,27,0,0,0,493,486,250,6,None,None,No,No,No,No,Steady,No,No,No,No,No,No,No,No,No,No,No,No,Up,No,No,No,No,No,Ch,Yes,>30
91105842,94415517,Caucasian,Male,[80-90),?,1,13,7,7,MC,?,64,0,13,0,0,0,486,428,250,9,None,None,No,No,No,No,No,No,No,No,No,No,No,No,No,No,No,No,No,Down,No,No,No,No,No,Ch,Yes,NO
130148454,25055388,AfricanAmerican,Male,[20-30),?,1,4,7,4,MD,InternalMedicine,48,0,13,0,0,0,250.13,276,276,6,None,None,No,No,No,No,No,No,No,No,No,No,No,No,No,No,No,No,No,Down,No,No,No,No,No,Ch,Yes,NO
249904122,41954157,Caucasian,Female,[70-80),?,1,3,7,4,MC,?,37,1,25,0,0,2,41,786,V10,4,None,None,Steady,No,No,No,No,No,No,No,No,No,No,No,No,No,No,No,No,Down,No,No,No,No,No,Ch,Yes,>30
16482324,1953810,Caucasian,Female,[30-40),?,3,1,20,7,?,?,33,0,9,0,0,0,296,250,715,5,None,>8,No,No,No,No,No,No,No,No,No,No,No,No,No,No,No,No,No,No,No,No,No,No,No,No,No,>30
262384512,86323644,AfricanAmerican,Female,[60-70),?,3,22,1,5,MC,Radiologist,7,1,29,5,1,1,715,414,401,5,None,None,Steady,No,No,No,No,No,No,Steady,No,No,No,No,No,No,No,No,No,No,No,No,No,No,No,Ch,Yes,>30
150105972,92091249,Caucasian,Female,[80-90),?,3,6,1,6,?,Surgery-Cardiovascular,55,1,33,0,0,0,414,424,441,5,None,None,No,No,No,No,No,No,No,Steady,No,No,No,No,No,No,No,No,No,No,No,No,No,No,No,No,Yes,>30
140173536,98097777,AfricanAmerican,Female,[20-30),?,1,1,7,2,?,?,34,0,13,0,0,1,574,250.6,536,9,None,None,No,No,No,No,No,No,No,No,No,No,No,No,No,No,No,No,No,Steady,No,No,No,No,No,No,Yes,>30
217000770,89039250,Caucasian,Female,[50-60),?,1,1,7,1,CM,?,38,3,13,0,1,1,786,428,250,9,None,None,No,No,No,No,No,No,No,No,No,No,No,No,No,No,No,No,No,No,No,No,No,No,No,No,No,>30
153046722,43332093,Caucasian,Male,[50-60),?,1,6,7,7,SP,?,45,0,11,1,0,5,428,305,424,8,None,None,No,No,No,No,No,No,No,Steady,No,No,No,No,No,No,No,No,No,No,No,No,No,No,No,No,Yes,<30
95440974,88938801,Caucasian,Male,[80-90),?,1,3,7,14,MC,Family/GeneralPractice,65,0,22,0,0,6,421,428,403,9,None,None,No,No,No,No,No,No,Up,No,No,Steady,No,No,No,No,No,No,No,Steady,No,No,No,No,No,Ch,Yes,<30
19091748,4042062,AfricanAmerican,Female,[70-80),?,2,5,1,3,?,Orthopedics-Reconstructive,49,3,14,0,0,0,715,285,401,5,None,>7,No,No,No,No,No,No,Steady,No,No,No,No,No,No,No,No,No,No,No,No,No,No,No,No,No,Yes,NO
231439956,85997574,AfricanAmerican,Male,[80-90),?,1,1,7,2,CM,?,51,0,8,2,0,0,780,414,414,9,None,None,No,No,No,No,No,No,No,No,No,No,Steady,No,No,No,No,No,No,Steady,Steady,No,No,No,No,Ch,Yes,>30
374403680,186560591,Caucasian,Female,[80-90),?,1,1,7,1,?,?,68,0,13,0,0,0,428,584,V85,9,None,None,No,No,No,No,No,No,No,No,No,No,Steady,No,No,No,No,No,No,Up,No,No,No,No,No,Ch,Yes,NO
439705934,40475232,Caucasian,Female,[80-90),?,1,3,7,3,MC,?,44,0,21,2,0,1,558,250.8,285,7,None,None,No,No,No,No,No,No,No,No,No,No,No,No,No,No,No,No,No,Up,No,No,No,No,No,Ch,Yes,>30
225442878,40083534,Caucasian,Female,[50-60),?,2,1,7,3,SP,Emergency/Trauma,47,4,14,0,1,1,410,414,V45,8,None,None,Steady,No,No,No,No,No,No,No,No,No,No,No,No,No,No,No,No,Up,No,No,No,No,No,Ch,Yes,>30
110203032,6960717,AfricanAmerican,Female,[50-60),?,1,1,6,1,BC,?,38,0,4,0,0,0,786,272,401,5,None,None,No,No,No,No,No,No,No,No,No,No,No,No,No,No,No,No,No,Steady,No,No,No,No,No,No,Yes,NO
205350042,42364764,Asian,Female,[70-80),?,2,1,7,2,MD,Emergency/Trauma,59,2,6,0,0,0,935,287,197,9,None,Norm,No,No,No,No,No,No,No,No,No,No,No,No,No,No,No,No,No,Steady,No,No,No,No,No,No,Yes,NO
98866128,3399831,Caucasian,Female,[90-100),?,1,1,6,4,MC,InternalMedicine,66,0,11,0,0,0,398,490,401,5,None,None,No,No,No,No,No,No,No,No,No,No,No,No,No,No,No,No,No,Steady,No,No,No,No,No,No,Yes,NO
290526030,45814662,Caucasian,Female,[80-90),?,3,24,1,2,SP,?,2,0,9,0,0,0,719,786,414,9,None,None,No,No,No,No,Steady,No,No,No,No,No,No,No,No,No,No,No,No,No,No,No,No,No,No,No,Yes,NO
161692104,2143962,Caucasian,Male,[60-70),?,2,6,7,2,?,?,62,1,17,0,2,2,789,403,584,9,None,None,No,No,No,No,No,No,No,No,No,No,No,No,No,No,No,No,No,Steady,No,No,No,No,No,No,Yes,<30
27639714,19767969,AfricanAmerican,Female,[60-70),?,2,1,1,1,?,?,39,3,19,0,0,0,414,496,401,6,None,None,Steady,No,No,No,Steady,No,No,No,No,No,No,No,No,No,No,No,No,No,No,No,No,No,No,Ch,Yes,NO
163282650,59568048,Hispanic,Female,[30-40),?,3,1,1,1,MD,ObstetricsandGynecology,35,0,7,0,0,0,644,648,659,4,None,None,No,No,No,No,No,No,No,Steady,No,No,No,No,No,No,No,No,No,No,No,No,No,No,No,No,Yes,NO
77548818,103884102,Caucasian,Female,[50-60),?,1,1,7,5,?,InternalMedicine,54,0,8,0,0,0,250.2,276,401,6,None,None,Steady,No,No,No,No,No,No,No,No,No,No,No,No,No,No,No,No,Down,No,No,No,No,No,Ch,Yes,NO
173727906,113339475,Caucasian,Male,[40-50),?,6,1,17,5,?,Family/GeneralPractice,95,6,14,0,0,0,250.11,584,305,9,None,>8,No,No,No,No,No,No,No,No,No,No,No,No,No,No,No,No,No,Steady,No,No,No,No,No,No,Yes,NO
384924524,42972705,Caucasian,Female,[60-70),?,1,6,7,6,MD,Family/GeneralPractice,39,2,26,0,0,2,428,585,403,9,None,None,No,No,No,No,No,No,No,No,No,No,No,No,No,No,No,No,No,Steady,No,No,No,No,No,No,Yes,NO
100004472,5294349,Caucasian,Female,[40-50),?,1,1,6,4,BC,?,43,0,17,0,0,0,79,786,715,5,None,None,No,No,Steady,No,No,No,No,No,No,No,No,No,No,No,No,No,No,No,No,No,No,No,No,No,Yes,NO
97780662,5154912,Caucasian,Male,[70-80),?,1,1,6,6,MC,InternalMedicine,50,0,11,0,0,0,728,780,788,5,None,None,Steady,No,No,No,No,No,Steady,No,No,No,No,No,No,No,No,No,No,No,No,No,No,No,No,Ch,Yes,>30
136561878,85894578,Caucasian,Male,[50-60),?,6,7,7,1,?,?,43,0,8,0,0,3,786,250.01,272,5,Norm,None,No,No,No,No,No,No,No,No,No,No,No,No,No,No,No,No,No,Up,No,No,No,No,No,Ch,Yes,>30
179123118,71318610,Caucasian,Male,[80-90),?,1,11,7,4,MC,?,51,2,18,6,0,1,38,584,250.82,9,None,None,No,No,No,No,No,No,No,Steady,No,No,No,No,No,No,No,No,No,Steady,No,No,No,No,No,Ch,Yes,NO
148870182,74016756,AfricanAmerican,Male,[50-60),?,1,1,7,5,?,?,46,0,15,0,0,1,780,250,244,6,None,None,No,No,Steady,No,No,No,No,No,No,Up,No,No,No,No,No,No,No,Up,No,No,No,No,No,Ch,Yes,>30
13070730,78700257,Caucasian,Female,[60-70),?,6,6,17,3,?,InternalMedicine,67,0,7,0,0,0,781,435,276,9,None,None,No,No,No,No,No,No,Steady,No,No,No,No,No,No,No,No,No,No,No,No,No,No,No,No,No,Yes,>30
104001126,24701148,AfricanAmerican,Female,[70-80),?,1,1,7,2,?,InternalMedicine,43,0,9,0,0,0,922,285,599,9,None,None,Steady,No,No,No,No,No,No,No,No,No,No,No,No,No,No,No,No,No,No,No,No,No,No,No,Yes,NO
277159206,32859792,Caucasian,Female,[70-80),?,3,3,1,5,MC,Hospitalist,54,1,20,0,0,1,250.8,730,285,9,None,None,No,No,No,No,Steady,No,No,No,No,No,No,No,No,No,No,No,No,Steady,No,No,No,No,No,Ch,Yes,NO
83676630,9486288,AfricanAmerican,Male,[40-50),?,1,1,1,1,?,InternalMedicine,21,0,4,0,0,0,250,?,?,1,None,>8,Steady,No,No,No,No,No,No,Steady,No,No,No,No,No,No,No,No,No,Steady,No,No,No,No,No,Ch,Yes,NO
50034072,662976,Caucasian,Male,[60-70),?,1,1,7,3,?,Surgery-General,56,1,14,0,0,0,574,574,272,4,None,None,No,No,No,No,No,No,No,No,No,No,No,No,No,No,No,No,No,No,No,No,No,No,No,No,No,NO
302000294,74694222,AfricanAmerican,Female,[80-90),?,1,4,5,6,MC,?,46,1,30,0,0,0,560,112,276,9,None,None,No,No,No,No,No,No,No,No,No,No,No,No,No,No,No,No,No,Down,No,No,No,No,No,Ch,Yes,>30
387239450,41572638,Caucasian,Female,[90-100),?,1,3,7,3,MC,?,58,0,9,0,0,2,518,428,428,5,None,None,No,No,No,No,No,No,No,No,No,No,No,No,No,No,No,No,No,Down,No,No,No,No,No,Ch,Yes,<30
75203076,19188630,AfricanAmerican,Female,[10-20),?,3,1,1,3,?,ObstetricsandGynecology,47,0,12,0,0,1,642,648,250.01,4,None,None,Steady,No,No,No,No,No,No,No,No,No,No,No,No,No,No,No,No,No,No,No,No,No,No,No,Yes,NO
156616620,110372445,Caucasian,Male,[60-70),?,2,6,1,3,?,Cardiology,45,0,18,0,0,0,428,486,276,9,None,None,No,No,No,No,No,No,No,No,No,No,No,No,No,No,No,No,No,Steady,No,No,No,No,No,No,Yes,NO
283933398,85885839,Caucasian,Female,[70-80),?,1,1,7,7,HM,?,66,1,31,5,0,0,574,584,585,9,None,None,No,No,No,No,No,No,No,No,No,Steady,No,No,No,No,No,No,No,No,No,No,No,No,No,No,Yes,NO
177220152,63068355,Caucasian,Female,[70-80),?,6,14,7,6,?,InternalMedicine,75,0,5,0,0,2,415,453,780,6,>200,None,No,No,No,No,No,No,No,No,No,No,No,No,No,No,No,No,No,No,No,No,No,No,No,No,No,<30
197618862,59777676,Hispanic,Female,[20-30),?,3,1,1,3,MD,?,36,1,16,3,0,0,658,648,250.02,6,None,None,No,No,No,No,No,No,No,No,No,No,No,No,No,No,No,No,No,Down,No,No,No,No,No,Ch,Yes,>30
245863908,92559258,Caucasian,Male,[70-80),?,3,1,7,8,MC,Emergency/Trauma,46,3,10,0,0,1,8,427,276,9,None,None,No,No,No,No,No,No,No,No,No,No,No,No,No,No,No,No,No,No,No,No,No,No,No,No,No,<30
293336196,85338063,Caucasian,Female,[70-80),?,1,1,7,3,MC,Emergency/Trauma,8,1,8,0,0,1,404,511,427,9,None,None,No,No,No,No,No,No,No,No,No,No,No,No,No,No,No,No,No,Steady,No,No,No,No,No,No,Yes,>30
383667158,85860144,Caucasian,Male,[60-70),?,1,11,7,1,MC,?,41,0,4,1,0,0,560,198,276,9,None,None,No,No,No,No,No,No,No,No,No,No,No,No,No,No,No,No,No,No,No,No,No,No,No,No,No,NO
443824292,138784172,Caucasian,Female,[80-90),?,3,1,1,3,MD,?,31,2,24,0,0,0,574,574,250,9,None,None,No,No,No,No,No,No,No,No,No,No,No,No,No,No,No,No,No,Down,No,No,No,No,No,Ch,Yes,<30
282494310,40967316,AfricanAmerican,Male,[90-100),?,1,1,7,5,MC,?,65,0,16,1,0,0,404,486,585,9,None,None,No,No,No,No,Steady,No,No,No,No,No,No,No,No,No,No,No,No,Steady,No,No,No,No,No,Ch,Yes,NO
163167540,22904091,Caucasian,Female,[70-80),?,2,3,7,12,?,?,78,3,18,0,0,1,428,511,486,9,None,None,No,No,No,No,No,No,No,No,No,No,No,No,No,No,No,No,No,Steady,No,No,No,No,No,No,Yes,<30
50849394,19774494,Caucasian,Female,[70-80),?,3,18,1,3,?,Orthopedics,22,1,15,0,0,0,715,250,244,5,None,None,No,No,No,No,No,No,No,No,No,No,No,No,No,No,Steady,No,No,No,No,No,No,No,No,No,Yes,NO
153680274,43650189,Caucasian,Male,[20-30),?,3,1,1,2,UN,?,64,0,7,0,0,0,250,276,272,4,None,>8,Steady,No,No,No,Steady,No,No,No,No,No,No,No,No,No,No,No,No,Up,No,No,No,No,No,Ch,Yes,<30
176140632,75693852,Caucasian,Female,[40-50),[75-100),2,1,1,1,DM,?,53,3,13,4,1,1,794,786,250,8,None,None,No,No,No,No,No,No,No,No,No,No,No,No,No,No,No,No,No,No,No,No,No,No,No,No,No,NO
108074574,3836520,Caucasian,Female,[70-80),?,1,1,6,2,MC,InternalMedicine,56,3,7,0,0,0,414,599,276,5,None,None,No,No,No,No,No,No,No,No,No,No,No,No,No,No,No,No,No,No,No,No,No,No,No,No,No,NO
255057456,32848758,Caucasian,Male,[40-50),?,2,1,1,11,MC,Psychiatry,48,3,11,0,0,0,296,780,276,8,None,Norm,Steady,No,No,No,No,No,No,No,No,No,No,No,No,No,No,No,No,No,No,No,No,No,No,No,Yes,NO
104224500,24572025,Caucasian,Female,[80-90),?,2,1,1,2,?,Cardiology,14,0,12,0,1,0,786,414,250,5,None,None,No,No,No,No,Steady,No,No,No,No,No,No,No,No,No,No,No,No,No,No,No,No,No,No,No,Yes,NO
216354252,88794180,Caucasian,Female,[50-60),?,1,6,7,5,HM,?,57,0,17,0,0,0,38,599,276,9,None,None,No,No,No,No,No,No,No,No,No,No,No,No,No,No,No,No,No,No,No,No,No,No,No,No,No,>30
420797546,186774602,Caucasian,Male,[20-30),?,1,1,7,2,SP,?,65,0,5,0,0,1,250.13,584,276,8,None,None,No,No,No,No,No,No,No,No,No,No,No,No,No,No,No,No,No,Down,No,No,No,No,No,Ch,Yes,>30
49919712,19745406,Caucasian,Male,[60-70),?,1,18,7,8,?,Pediatrics,47,2,17,0,0,0,433,250,414,4,None,None,No,No,No,No,No,No,Steady,No,No,No,No,No,No,No,No,No,No,No,No,No,No,No,No,No,Yes,NO
287696766,40489254,Caucasian,Male,[50-60),?,3,1,1,1,MC,?,3,2,16,0,0,0,724,250,70,6,None,None,Steady,No,No,No,No,No,No,No,No,No,No,No,No,No,No,No,No,No,No,No,No,No,No,No,Yes,NO
2267052,7472070,AfricanAmerican,Female,[90-100),?,6,25,7,7,?,Surgery-General,35,2,11,0,0,0,250.7,440,707,4,None,None,No,No,No,No,No,No,No,No,No,No,No,No,No,No,No,No,No,No,No,No,No,No,No,No,No,NO
409610042,84418434,Caucasian,Female,[60-70),?,1,3,7,6,MC,?,43,2,31,0,0,2,722,324,344,9,None,None,No,No,No,No,No,No,No,No,No,No,No,No,No,No,No,No,No,Down,No,No,No,No,No,Ch,Yes,>30
21905916,133569,AfricanAmerican,Female,[30-40),?,1,1,7,6,?,?,66,0,11,0,0,0,486,511,453,5,None,None,No,No,No,No,No,No,No,No,No,No,No,No,No,No,No,No,No,Down,No,No,No,No,No,Ch,Yes,<30
433242662,30627081,Hispanic,Female,[10-20),?,1,1,7,2,MD,?,19,0,4,4,0,0,250.13,586,272,8,None,None,No,No,No,No,No,No,No,No,No,No,No,No,No,No,No,No,No,Steady,No,No,No,No,No,No,Yes,NO
109935042,78354081,Caucasian,Male,[70-80),?,1,6,7,2,?,Family/GeneralPractice,47,0,16,1,0,0,491,724,250,4,None,None,Steady,No,No,No,No,No,Steady,No,No,No,Steady,No,No,No,No,No,No,Steady,No,No,No,No,No,Ch,Yes,NO
109004574,23234535,AfricanAmerican,Female,[50-60),?,1,11,7,6,MC,InternalMedicine,49,1,19,0,0,0,572,571,576,8,None,None,No,No,No,No,No,No,No,No,No,No,No,No,No,No,No,No,No,Up,No,No,No,No,No,Ch,Yes,NO
23773854,15826653,AfricanAmerican,Male,[50-60),?,1,1,7,1,?,InternalMedicine,40,0,3,0,0,0,435,250,305,5,None,None,No,No,No,No,No,No,No,No,No,No,No,No,No,No,No,No,No,No,No,No,No,No,No,No,No,NO
72916008,769464,AfricanAmerican,Female,[30-40),?,1,1,7,8,?,?,40,0,13,0,0,0,562,401,250,3,None,None,No,No,No,No,No,No,No,No,No,No,No,No,No,No,No,No,No,No,No,No,No,No,No,No,No,NO
167747724,29368215,Other,Female,[60-70),?,2,11,1,9,?,Oncology,50,0,27,0,0,1,162,518,276,7,None,None,No,No,No,No,No,No,No,No,No,No,No,No,No,No,No,No,No,No,No,No,No,No,No,No,No,NO
59906550,107337780,Caucasian,Male,[80-90),[75-100),6,1,17,4,?,Cardiology,71,0,8,3,0,0,428,397,414,7,None,None,No,No,No,No,No,No,No,Steady,No,No,No,No,No,No,No,No,No,No,No,No,No,No,No,No,Yes,NO
276350910,113028282,Caucasian,Female,[70-80),?,1,6,7,5,MC,?,50,1,13,0,0,1,415,584,453,9,None,>7,No,No,No,No,Up,No,No,No,No,No,No,No,No,No,No,No,No,Steady,No,No,No,No,No,Ch,Yes,>30
59992650,2981997,Caucasian,Female,[80-90),?,1,18,7,5,?,?,41,0,16,0,0,0,485,492,250,5,None,None,No,No,No,No,No,No,No,No,No,No,No,No,No,No,No,No,No,No,No,No,No,No,No,No,No,>30
284266164,37296396,Caucasian,Male,[40-50),?,1,1,7,2,SP,?,85,3,23,0,0,1,780,518,435,9,None,None,Up,No,No,No,No,No,No,No,No,No,No,No,No,No,No,No,No,Steady,No,No,No,No,No,Ch,Yes,NO
19345596,74871117,Caucasian,Male,[50-60),?,6,1,17,1,?,Cardiology,55,5,17,0,0,0,786,414,401,6,None,None,No,No,No,No,No,No,Steady,No,No,No,No,No,No,No,No,No,No,No,No,No,No,No,No,No,Yes,>30
60284898,129690,AfricanAmerican,Female,[60-70),?,1,18,7,2,?,?,25,1,7,0,0,0,307,250,401,5,None,None,Steady,No,No,No,No,No,No,No,No,No,No,No,No,No,No,No,No,No,No,No,No,No,No,No,Yes,>30
164334174,93571173,AfricanAmerican,Female,[50-60),?,1,6,7,13,?,?,44,3,34,2,0,0,250.82,730,707,9,None,Norm,No,No,No,No,No,No,No,No,No,No,No,No,No,No,No,No,No,Down,No,No,No,No,No,Ch,Yes,<30
196118844,69996636,AfricanAmerican,Female,[60-70),?,1,1,7,2,CP,?,41,0,9,0,0,0,434,437,250,8,None,>8,Steady,No,No,No,No,No,Up,Steady,No,No,No,No,No,No,No,No,No,No,No,No,No,No,No,Ch,Yes,NO
166977498,46387872,Caucasian,Female,[50-60),?,1,1,1,1,BC,?,31,0,9,2,0,0,434,435,780,6,None,None,Steady,No,No,No,Steady,No,No,No,No,No,Steady,No,No,No,No,No,No,No,No,No,No,No,No,Ch,Yes,>30
175408182,57951099,?,Male,[80-90),?,3,6,4,13,MC,?,60,0,15,0,0,0,V57,348,736,9,None,Norm,No,No,No,No,No,No,No,No,No,No,No,No,No,No,No,No,No,No,No,No,No,No,No,No,No,NO
46301976,94887504,AfricanAmerican,Female,[60-70),?,6,1,17,10,?,InternalMedicine,47,0,13,0,0,0,428,425,424,8,None,>8,No,No,No,No,No,No,No,No,No,No,No,No,No,No,No,No,No,No,No,No,No,No,No,No,No,<30
178804056,75969045,Caucasian,Female,[80-90),[100-125),1,1,7,4,MC,?,55,1,15,0,1,0,789,786,396,9,None,>7,No,No,No,No,No,No,No,Steady,No,No,No,No,No,No,No,No,No,No,No,No,No,No,No,No,Yes,NO
58378662,19159767,?,Male,[50-60),?,1,1,7,1,?,Family/GeneralPractice,40,0,4,0,0,0,786,401,250,5,None,>7,No,No,No,No,No,No,No,No,No,No,No,No,No,No,No,No,No,No,No,No,No,No,No,No,No,NO
82187598,36684297,Caucasian,Male,[50-60),?,6,3,17,10,?,?,71,0,19,0,0,1,482,340,276,9,None,>8,No,No,No,No,No,No,No,No,No,No,No,No,No,No,No,No,No,Steady,No,No,No,No,No,No,Yes,>30
62604648,95715648,Caucasian,Male,[60-70),?,1,1,7,1,?,Family/GeneralPractice,54,0,12,0,0,0,414,413,250,5,None,>7,Steady,No,No,No,No,No,No,Steady,No,Steady,No,No,No,No,No,No,No,No,No,No,No,No,No,Ch,Yes,NO
226012326,93016602,AfricanAmerican,Male,[40-50),?,1,1,7,2,CP,?,12,0,7,0,5,0,250.1,272,401,4,None,None,No,No,No,No,No,No,No,No,No,No,No,No,No,No,No,No,No,No,No,No,No,No,No,No,No,>30
98131218,16571475,?,Male,[60-70),?,2,1,1,1,MC,Cardiology,30,1,13,0,0,0,427,429,250,4,None,None,No,No,No,No,No,No,No,No,No,No,No,No,No,No,No,No,No,No,Steady,No,No,No,No,No,Yes,NO
12111816,1792377,AfricanAmerican,Female,[70-80),?,1,3,7,2,?,InternalMedicine,67,0,3,0,0,0,250.03,295,401,7,None,None,No,No,No,No,No,No,No,No,No,No,No,No,No,No,No,No,No,Steady,No,No,No,No,No,No,Yes,<30
76747920,1336401,AfricanAmerican,Male,[70-80),?,1,1,7,2,?,Urology,33,1,5,0,0,1,997,788,599,6,None,None,No,No,No,No,No,No,No,No,No,No,No,No,No,No,No,No,No,No,No,No,No,No,No,No,No,NO
409687070,180818762,Caucasian,Male,[80-90),?,1,3,7,12,MC,?,67,0,25,0,0,0,440,682,584,9,None,None,No,No,No,No,No,No,Up,No,No,No,No,No,No,No,No,No,No,No,No,No,No,No,No,Ch,Yes,NO
95392362,1673910,Caucasian,Female,[70-80),?,2,1,1,8,MC,InternalMedicine,65,2,19,0,0,0,721,414,278,5,None,None,Down,No,No,No,Steady,No,No,No,No,No,No,No,No,No,No,No,No,Steady,No,No,No,No,No,Ch,Yes,NO
229204380,2200428,Caucasian,Female,[70-80),?,3,1,1,1,?,?,18,6,15,0,0,0,414,427,427,8,None,None,No,No,No,No,No,No,No,No,No,No,Steady,No,No,No,No,No,No,Steady,No,No,No,No,No,Ch,Yes,>30
147873882,93879783,Caucasian,Male,[30-40),?,1,1,1,3,?,?,34,0,10,0,0,0,707,682,272,6,None,None,Steady,No,Steady,No,No,No,No,No,No,No,Steady,No,No,No,No,No,No,No,No,No,No,No,No,Ch,Yes,NO
51934968,1546569,AfricanAmerican,Female,[30-40),?,1,18,7,5,?,?,64,0,3,0,0,1,38,599,41,5,None,None,Steady,No,No,No,No,No,No,No,No,No,No,No,No,No,No,No,No,No,No,No,No,No,No,No,Yes,>30
301373312,60392691,Caucasian,Male,[60-70),?,1,6,7,4,MD,?,3,0,17,0,1,0,290,428,437,9,None,None,No,No,No,No,No,No,Steady,No,No,No,No,No,No,No,No,No,No,No,No,No,No,No,No,No,Yes,NO
96236460,97245,Caucasian,Male,[40-50),?,1,1,6,4,UN,InternalMedicine,35,2,15,0,0,0,250.7,707,785,5,None,None,No,No,No,No,No,No,No,No,No,No,No,No,No,No,No,No,No,Steady,No,No,No,No,No,No,Yes,<30
353802014,181970735,Caucasian,Male,[50-60),?,1,3,7,2,HM,?,21,0,17,0,0,1,511,491,416,9,None,None,No,No,No,No,No,No,No,No,No,No,No,No,No,No,No,No,No,Up,No,No,No,No,No,Ch,Yes,>30
105759726,23742693,Caucasian,Female,[60-70),?,1,1,7,3,?,?,43,2,28,1,0,0,812,840,250,4,None,None,Down,No,No,No,No,No,No,No,No,No,No,No,No,No,No,No,No,No,No,No,No,No,No,Ch,Yes,>30
129206592,95346531,Caucasian,Female,[90-100),?,2,3,7,6,MC,Emergency/Trauma,26,1,12,0,0,0,276,428,491,9,None,None,No,No,No,No,No,No,Steady,No,No,Steady,No,No,No,No,No,No,No,No,No,No,No,No,No,Ch,Yes,NO
154780590,73293417,Caucasian,Female,[60-70),?,1,1,7,3,MC,?,58,1,19,0,0,0,435,272,244,9,None,None,Steady,No,No,No,No,No,No,No,No,No,Steady,No,No,No,No,No,No,No,No,No,No,No,No,Ch,Yes,>30
187599636,60152733,Caucasian,Female,[40-50),?,1,1,7,4,PO,?,37,1,9,0,0,0,340,401,250,3,None,Norm,Up,No,No,No,No,No,No,No,No,No,No,No,No,No,No,No,No,Steady,No,No,No,No,No,Ch,Yes,NO
252498864,87112845,Caucasian,Female,[60-70),?,1,3,7,7,MC,?,58,0,14,0,0,2,38,599,276,9,None,>8,No,No,No,No,No,No,No,No,No,No,No,No,No,No,No,No,No,Up,No,No,No,No,No,Ch,Yes,>30
229483878,35342928,Caucasian,Female,[50-60),?,2,1,7,4,SP,Emergency/Trauma,36,3,16,0,0,0,427,427,401,6,None,None,No,No,No,No,No,No,No,No,No,No,No,No,No,No,No,No,No,No,Steady,No,No,No,No,No,Yes,NO
